dataSet,num_nodes,num_edges,advisor,tcgnn,gespmm
144,144650,1074393,0.323,0.479,0.1948
2D_27628_bjtcai,27629,442898,0.0831,0.11,0.0478
2D_54019_highK,54020,996414,0.1962,0.7668,0.1188
333SP,3712816,11108633,6.9537,10000000,4.6678
3D_28984_Tetra,28985,599170,0.1177,3.8321,0.0636
3D_51448_3D,51449,1056610,0.2058,6.0301,0.1253
3Dspectralwave,680944,17165766,2.8827,10000000,1.911
3Dspectralwave2,292009,7307376,1.2373,10000000,0.8138
3dtube,45331,1629474,0.2801,1.3796,0.1602
598a,110972,741934,0.2501,0.3751,0.1565
a0nsdsil,80017,200021,0.1326,6.2974,0.0746
a2nnsnsl,80017,196115,0.1338,6.2949,0.074
a5esindl,60009,145004,0.095,2.2105,0.0576
adaptive,6815745,13624320,11.0189,10000000,7.6125
af_0_k101,503626,9027150,1.6311,10000000,0.9535
af_1_k101,503626,9027150,1.631,10000000,0.9528
af_2_k101,503626,9027150,1.6283,10000000,0.951
af_3_k101,503626,9027150,1.6291,10000000,0.9537
af_4_k101,503626,9027150,1.6308,10000000,0.9528
af_5_k101,503626,9027150,1.6319,10000000,0.9534
af_shell1,504856,9046865,1.6409,10000000,0.9547
af_shell10,1508066,27090195,4.7258,10000000,2.8474
af_shell2,504856,9046865,1.644,10000000,0.9534
af_shell3,504856,9046865,1.645,10000000,0.9537
af_shell4,504856,9046865,1.6445,10000000,0.9546
af_shell5,504856,9046865,1.6545,10000000,0.9556
af_shell6,504856,9046865,1.642,10000000,0.9544
af_shell7,504856,9046865,1.643,10000000,0.9539
af_shell8,504856,9046865,1.6454,10000000,0.9554
af_shell9,504856,9046865,1.6441,10000000,0.955
ak2010,45293,108549,0.0685,0.1628,0.0263
amazon0505,410236,4878874,1.3364,2.8098,0.911
Andrews,60001,410077,0.1428,0.2318,0.0789
AS365,3799276,11368076,7.2507,10000000,5.2517
as-caida,31380,106762,0.0488,1.1314,0.0222
as-Skitter,1696416,11095298,3.743,10000000,2.1397
astro-ph,16707,121251,0.0415,0.0693,0.0243
auto,448696,3314611,1.0381,1.4408,0.6542
barrier2-1,113077,3805068,0.6676,6.6622,0.4485
barrier2-10,115626,3897557,0.6838,10.1677,0.4599
barrier2-11,115626,3897557,0.6827,10.1566,0.4615
barrier2-12,115626,3897557,0.6833,10.1065,0.4594
barrier2-2,113077,3805068,0.6677,6.6592,0.4485
barrier2-3,113077,3805068,0.6684,6.6629,0.4488
barrier2-4,113077,3805068,0.6684,6.6802,0.4479
barrier2-9,115626,3897557,0.6831,10.1659,0.4609
bauru5727,40367,145019,0.0797,0.0808,0.0373
bbmat,38745,1771722,0.2849,0.2289,0.1699
bcsstk17,10975,219812,0.0481,0.051,0.0259
bcsstk18,11949,80519,0.03,0.0372,0.018
bcsstk25,15440,133840,0.0361,0.04,0.0232
bcsstk29,13993,316740,0.0621,0.0563,0.0348
bcsstk30,28925,1036208,0.1735,0.1722,0.1
bcsstk31,35589,608502,0.1258,0.1047,0.0678
bcsstk32,44610,1029655,0.1879,0.1681,0.1085
bcsstk35,30238,740200,0.1255,0.1247,0.0741
bcsstk36,23053,583096,0.0992,0.0873,0.0576
bcsstk37,25504,583240,0.0988,0.0839,0.0583
bcsstk39,46773,1068033,0.192,0.1304,0.1106
bcsstm36,23053,166389,0.0434,0.0459,0.0241
belgium_osm,1441296,1549970,2.0841,1.0666,1.4306
BenElechi1,245875,6698185,1.0077,10000000,0.6494
blockqp1,60013,340022,0.1367,124.5501,0.0692
bloweya,30005,80005,0.0624,5.8679,0.0181
bloweybl,30004,70001,0.0617,5.8416,0.0246
bmw3_2,227363,5757996,1.0129,10000000,0.6073
bmw7st_1,141348,3740507,0.6523,0.6323,0.3942
bmwcra_1,148771,5396386,0.8648,10000000,0.5318
bone010,986704,36326514,5.8195,10000000,3.4415
boneS01,127225,3421188,0.5916,0.3955,0.3548
boneS10,914899,28191660,4.6243,10000000,2.8034
boyd1,93280,652246,0.4481,3693.0874,0.2077
boyd2,466317,890091,0.7752,62.1751,0.5162
brack2,62632,366559,0.1361,0.1661,0.0763
brainpc2,27608,96601,0.034,0.0312,0.0244
bratu3d,27793,88627,0.0272,0.0486,0.0236
Bump_2911,2911420,65320659,10.1521,10000000,6.9692
bundle1,10582,390741,0.0696,0.1061,0.0379
bundle_adj,513352,10360701,1.6849,10000000,1.0162
c-42,10472,60378,0.0344,0.2003,0.0215
c-43,11126,67400,0.0285,0.0635,0.0238
c-45,13207,93829,0.0296,0.0276,0.0224
c-46,14914,72655,0.0326,0.0537,0.0221
c-47,15344,113372,0.0396,0.1629,0.0229
c-48,18355,92217,0.0429,0.2463,0.0231
c-49,21133,89087,0.0492,0.4303,0.0235
c-50,22402,108013,0.0466,0.4293,0.0238
c-51,23197,113123,0.0499,0.448,0.0241
c-52,23949,113332,0.0526,0.4934,0.0241
c-53,30236,201224,0.0583,0.1293,0.0371
c-54,31794,211743,0.0666,0.5328,0.0384
c-55,32781,218115,0.078,1.0157,0.041
c-56,35911,208405,0.0729,0.4504,0.0416
c-57,37834,221515,0.0708,0.0796,0.0444
c-58,37596,295076,0.0936,2.2672,0.0484
c-59,41283,260909,0.1071,1.1056,0.0521
c-60,43641,171109,0.0957,0.7307,0.0498
c-61,43619,176817,0.1005,0.9922,0.0503
c-62,41732,300537,0.105,2.238,0.0536
c-62ghs,41732,300537,0.104,2.2373,0.0535
c-63,44235,239469,0.1119,1.1969,0.054
c-64,51036,384438,0.1174,0.1402,0.0665
c-64b,51036,384438,0.117,0.1401,0.0663
c-65,48067,204297,0.1117,1.2027,0.0579
c-66,49990,274498,0.113,1.0637,0.0616
c-66b,49990,274498,0.1123,1.0565,0.0618
c-67b,57976,294955,0.123,0.2035,0.0703
c-68,64811,315408,0.1545,1.0124,0.0777
c-69,67459,345714,0.1591,1.8007,0.0813
c-70,68925,363955,0.1636,1.8561,0.0839
c-71,76639,468096,0.1946,3.4535,0.1011
c-73,169423,724348,0.3203,0.2484,0.1953
c-73b,169423,724348,0.3201,0.2489,0.1951
ca-AstroPh,18773,198110,0.057,0.2808,0.0278
ca-CondMat,23134,93497,0.0446,0.128,0.0212
cage14,1505786,27130349,5.4018,10000000,4.2069
caidaRouterLevel,192245,609066,0.3342,0.2911,0.186
cant,62452,2034917,0.3345,0.2521,0.206
case39,40217,526139,0.0994,0.078,0.0535
case9,14455,75801,0.0251,0.0217,0.0155
c-big,345242,1343126,0.681,19.8218,0.4353
cbuckle,13682,345098,0.0678,0.1653,0.0369
ccc,49153,73728,0.0815,0.0554,0.0595
cfd1,70657,949510,0.1916,0.2109,0.1251
Chebyshev4,68122,5377761,1.1559,10000000,0.6094
circuit_4,80210,307604,0.1758,4.0558,0.0912
circuit5M_dc,3523318,19194193,7.4858,10000000,5.3817
citationCiteseer,268496,1156647,0.5075,0.8592,0.2913
cit-Patents,3774769,16518948,7.5389,10000000,5.8574
ckt11752_dc_1,49703,333029,0.1161,1.3081,0.0759
ckt11752_tr_0,49703,333029,0.1152,1.3024,0.076
cnr-2000,325558,3216152,0.7282,1.3301,0.424
CO,221120,3943588,0.6842,1.2957,0.4794
coAuthorsCiteseer,227321,814134,0.3977,0.2324,0.2161
coAuthorsDBLP,299068,977676,0.515,0.3255,0.2846
cond-mat-2003,31164,120029,0.0466,0.054,0.0272
cond-mat-2005,40422,175693,0.062,0.0744,0.03
conf5_4-8x8-05,49153,1916928,0.3223,0.2979,0.1966
conf5_4-8x8-10,49153,1916928,0.3224,0.2981,0.1965
conf5_4-8x8-15,49153,1916928,0.3226,0.2975,0.1959
conf5_4-8x8-20,49153,1916928,0.3229,0.2983,0.1967
conf6_0-8x8-20,49153,1916928,0.3228,0.2974,0.1966
conf6_0-8x8-30,49153,1916928,0.3226,0.2986,0.1968
conf6_0-8x8-80,49153,1916928,0.3225,0.2981,0.1968
consph,83335,3046907,0.5121,0.3541,0.2977
cont-201,80596,239596,0.1364,0.102,0.0813
cont-300,180896,539396,0.3091,0.2193,0.1778
coPapersCiteseer,434103,16036720,2.7946,10000000,1.6448
coPapersDBLP,540487,15245729,2.837,10000000,1.6915
copter1,17223,114143,0.0312,0.0467,0.0171
CoupCons3D,416801,22322336,3.3851,10000000,2.1407
crankseg_1,52805,5333507,0.7956,10000000,0.4983
crankseg_2,63839,7106348,1.0545,10000000,0.6623
crplat2,18011,489478,0.0835,0.0614,0.0496
crystk02,13966,491274,0.0888,0.067,0.0488
crystk03,24697,887937,0.1472,0.1162,0.0814
crystm02,13966,168435,0.0374,0.0536,0.0253
crystm03,24697,304233,0.0594,0.0895,0.0391
ct2010,67579,168176,0.1096,0.1033,0.0606
ct20stif,52330,1375396,0.2453,0.2915,0.1437
Cube_Coup_dt0,2164761,64685452,9.951,10000000,6.9439
Cube_Coup_dt6,2164761,64685452,9.9519,10000000,6.9451
CurlCurl_0,11084,62213,0.0218,0.0229,0.0139
CurlCurl_4,2380516,14448191,4.6786,10000000,2.7815
cvxqp3,17501,69981,0.0265,0.041,0.0182
cyl6,13682,363961,0.0694,0.1919,0.0396
darcy003,389875,1167685,0.7459,0.5094,0.494
dawson5,51538,531157,0.13,0.1211,0.0949
dblp-2010,326187,807700,0.4522,0.3816,0.2686
dc3,116836,766396,0.3486,1968.3646,0.1823
de2010,24116,58028,0.0387,0.0472,0.0212
debr,1048577,2097149,1.8467,1.0853,1.2159
delaunay_n15,32769,98274,0.0392,0.0411,0.0239
delaunay_n16,65537,196575,0.1099,0.0771,0.0632
delaunay_n17,131073,393176,0.21,0.1402,0.125
delaunay_n18,262145,786396,0.4109,0.2695,0.248
delaunay_n19,524289,1572823,0.8121,0.5262,0.5074
delaunay_n20,1048577,3145686,1.6095,1.0392,1.0263
delaunay_n21,2097153,6291408,3.211,10000000,2.0757
delaunay_n22,4194305,12582869,6.3981,10000000,4.1706
denormal,89401,622812,0.1809,0.1613,0.1122
dictionary28,52653,89038,0.0435,0.0725,0.0283
dielFilterV2clx,607233,12958252,2.2198,10000000,1.4616
dielFilterV2real,1157457,24848204,4.2607,10000000,2.813
dielFilterV3clx,420409,16653308,2.6397,10000000,1.6746
Dubcova1,16130,134569,0.0325,0.0444,0.0229
Dubcova3,146690,1891669,0.4162,0.2735,0.2435
e40r0100,17282,553562,0.1005,0.1314,0.0556
EAT_RS,23220,325592,0.0869,0.4143,0.0422
ecology1,1000001,2998000,1.6138,1.2027,1.0832
ecology2,1000000,2997995,1.6135,1.2001,1.0832
email-Enron,36693,183831,0.1062,1.2733,0.068
Emilia_923,923137,20964171,3.3481,10000000,2.2612
engine,143572,2424822,0.5157,0.5611,0.3187
enron,69245,276143,0.084,0.8738,0.0662
eu-2005,862665,19235140,3.3276,10000000,2.0732
ex11,16615,1096948,0.1748,0.1666,0.1011
ex19,12006,259879,0.0549,0.061,0.0335
F1,343792,13590452,2.3582,10000000,1.466
F2,71506,2682895,0.4487,0.4468,0.2779
Fault_639,638803,14626683,2.3409,10000000,1.5465
fcondp2,201823,5748069,0.9589,10000000,0.5829
fem_hifreq_circuit,491101,20239237,3.1958,10000000,2.3071
filter3D,106438,1406808,0.2934,0.4121,0.1881
finance256,37377,167936,0.0667,0.0741,0.029
Flan_1565,1564795,59485419,9.4107,10000000,5.7369
flickr,820879,9837214,2.4362,10000000,1.5509
foldoc,13357,120238,0.0402,0.1034,0.0223
Freescale1,3428756,18920347,8.0673,10000000,5.7959
fullb,199188,5953632,1.0217,10000000,0.6231
fxm4_6,18893,258368,0.0625,0.1078,0.0332
G2_circuit,150103,438388,0.2557,0.1893,0.1659
G3_circuit,1585479,4623152,2.6764,1.8735,1.7793
Ga10As10H30,113082,3114357,0.5195,0.843,0.355
Ga19As19H42,133124,4508981,0.7322,1.1311,0.4934
Ga3As3H12,61350,3016148,0.4828,1.1783,0.3039
Ga41As41H72,268097,9378286,1.5056,10000000,1.0175
GaAsH6,61350,1721579,0.2956,1.0784,0.1958
gas_sensor,66918,885141,0.1775,0.2123,0.1179
Ge87H76,112986,4002590,0.6495,1.006,0.4355
Ge99H100,112986,4282190,0.6882,1.0696,0.4579
gearbox,153747,4617075,0.7644,0.5504,0.4809
Geo_1438,1437961,32297325,5.1775,10000000,3.5026
gridgena,48963,280523,0.0993,0.0723,0.0592
gsm_106857,589447,11174185,2.7523,10000000,2.1319
gupta1,31803,1098006,0.1739,0.2064,0.097
gupta2,62065,2155175,0.3385,0.3516,0.2022
gupta3,16784,4670105,0.8273,289.6915,0.4558
gyro,17362,519260,0.0933,0.0882,0.0522
gyro_k,17362,519260,0.0944,0.0887,0.0519
gyro_m,17362,178896,0.0441,0.0709,0.026
H2O,67025,1141880,0.211,0.3897,0.1432
halfb,224618,6306219,1.0647,10000000,0.6558
Hamrle3,1447361,5514242,2.8821,10000000,1.906
hangGlider_4,15562,79088,0.0391,3.2362,0.0218
hangGlider_5,16012,82070,0.0497,3.3677,0.022
helm2d03,392258,1567096,0.7248,0.4902,0.4438
helm3d01,32227,230335,0.0579,0.0882,0.0339
hi2010,25017,62063,0.0382,0.0488,0.0212
hollywood-2009,1139906,57515616,9.9501,10000000,6.6248
hood,220543,5494489,0.9917,10000000,0.6076
Hook_1498,1498024,31207734,5.2519,10000000,3.4425
HTC_336_4438,226341,565431,0.4169,0.3635,0.2578
HTC_336_9129,226341,554881,0.4162,0.3634,0.2591
human_gene1,22284,12345963,1.8998,10000000,1.1755
human_gene2,14341,9041364,1.3802,10000000,0.8396
ibm_matrix_2,51449,1056610,0.2058,6.0303,0.1258
igbt3,10939,234006,0.0476,0.1071,0.0337
in-2004,1382909,16917053,3.4737,10000000,2.0822
inlet,11731,328323,0.0619,0.0469,0.0344
inline_1,503713,18660027,3.0434,10000000,1.8843
jan99jac120sc,41375,260202,0.1001,0.1034,0.0479
juba40k,40338,144945,0.08,0.0802,0.0377
k3plates,11108,378927,0.0749,0.0534,0.0412
kim1,38416,933195,0.1509,0.1414,0.1019
kkt_power,2063495,8130343,3.9269,10000000,2.5911
kron_g500-logn16,65537,2456398,0.4579,7.4921,0.2585
kron_g500-logn17,131073,5114375,0.9619,10000000,0.544
kron_g500-logn18,262145,10583222,2.0078,10000000,1.1372
kron_g500-logn19,524289,21781478,4.322,10000000,2.4848
kron_g500-logn20,1048577,44620272,9.4861,10000000,5.7689
laminar_duct3D,67174,3833077,0.5774,0.5128,0.3711
language,399131,1216334,0.7472,8.4285,0.4665
largebasis,440021,5560100,1.3155,10000000,0.852
ldoor,952204,23737339,4.309,10000000,2.669
lhr34,35153,764014,0.151,0.1125,0.0842
lhr34c,35153,764014,0.1514,0.1127,0.0852
lhr71,70305,1528092,0.2979,0.1995,0.1786
lhr71c,70305,1528092,0.2973,0.2006,0.1781
li,22696,1350309,0.2082,0.2473,0.1256
Long_Coup_dt0,1470153,44279572,7.1914,10000000,4.6716
Long_Coup_dt6,1470153,44279572,7.1844,10000000,4.6759
lowThrust_10,18261,116074,0.0328,0.0538,0.0231
lowThrust_11,18369,117002,0.0329,0.0543,0.0241
lowThrust_12,18459,117423,0.0332,0.0545,0.0243
lowThrust_13,18477,117580,0.0335,0.0552,0.0246
lowThrust_4,13563,84240,0.0266,0.0488,0.0223
lowThrust_5,16263,103701,0.0295,0.0506,0.0229
lowThrust_6,16929,108376,0.0318,0.0531,0.0233
lowThrust_7,17379,110607,0.0324,0.053,0.0235
lowThrust_8,17703,113139,0.0328,0.0536,0.0233
lowThrust_9,18045,114806,0.0332,0.0537,0.0235
lp1,534389,1088904,0.8611,0.4522,0.5325
luxembourg_osm,114600,119666,0.1769,0.0925,0.1249
m14b,214766,1679018,0.4923,0.6607,0.3003
mario001,38435,114643,0.049,0.0566,0.0249
mario002,389875,1167685,0.7461,0.5096,0.4945
mark3jac040sc,18290,113435,0.0422,0.0601,0.0185
mark3jac060sc,27450,170695,0.0548,0.0807,0.026
me2010,69519,167738,0.1115,0.12,0.0607
memplus,17759,126150,0.034,0.5834,0.0221
mip1,66464,5209641,0.8216,10000000,0.471
ML_Laplace,377003,27689972,4.2047,10000000,2.4525
mouse_gene,45102,14506196,2.2827,10000000,1.3619
msc10848,10849,620313,0.1065,0.1955,0.0626
msc23052,23053,588933,0.1068,0.1822,0.0591
msdoor,415864,10328399,1.856,10000000,1.1312
m_t1,97579,4925574,0.7854,0.5211,0.4624
mult_dcop_01,25188,193276,0.0865,24.6699,0.0335
mult_dcop_02,25188,193276,0.0835,24.7251,0.0331
mult_dcop_03,25188,193216,0.0846,24.5674,0.0328
NACA0015,1039184,3114818,1.9158,1.4672,1.3859
nasasrb,54871,1366097,0.2305,0.1712,0.1446
nd12k,36001,7128473,1.038,10000000,0.67
nd24k,72001,14393817,2.0829,10000000,1.3421
nd6k,18001,3457658,0.5038,0.6682,0.3343
net100,29921,1031560,0.1834,0.5971,0.1027
net125,36721,1306960,0.2368,0.6891,0.1322
net150,43521,1582360,0.2858,0.7295,0.163
net4-1,88344,1265035,0.3039,0.709,0.181
net50,16321,480760,0.0964,0.4062,0.0552
net75,23121,756160,0.1396,0.4877,0.0791
netherlands_osm,2216689,2441238,3.0272,1.6385,2.1036
nh2010,48838,117275,0.0761,0.0783,0.0339
NLR,4163764,12487976,7.9757,10000000,5.7813
NotreDame_www,325730,929849,0.324,0.3509,0.2168
nv2010,84539,208499,0.1374,0.1321,0.074
ohne2,181344,11063545,1.7464,10000000,1.1
oilpan,73753,1835470,0.3329,0.1692,0.2033
olafu,16147,515651,0.0939,0.0633,0.0513
onetone2,36058,227628,0.0788,0.0777,0.0351
OPF_10000,43888,255799,0.1004,0.1091,0.0561
opt1,15450,973052,0.1588,0.1524,0.0931
p2p-Gnutella31,62587,147892,0.0643,0.1046,0.0396
parabolic_fem,525826,2100225,1.1297,0.8062,0.7526
patents,3774769,14970767,7.0368,10000000,5.4977
pattern1,19243,4671337,0.7228,10.8744,0.4616
pcrystk02,13966,491274,0.0879,0.0663,0.0483
pcrystk03,24697,887937,0.1462,0.1167,0.0819
pct20stif,52330,1375396,0.2445,0.2892,0.1442
pdb1HYS,36418,2190591,0.3464,0.2483,0.1993
pds10,16559,83108,0.0357,0.0954,0.0221
PFlow_742,742794,18940627,3.1685,10000000,1.9554
pkustk01,22045,500712,0.0946,0.1352,0.0535
pkustk02,10801,410400,0.0763,0.1425,0.0435
pkustk03,63337,1596876,0.3008,0.2343,0.1747
pkustk04,55591,2137125,0.3853,4.556,0.2253
pkustk05,37165,1121154,0.2058,0.2312,0.1168
pkustk06,43165,1307466,0.2381,0.2336,0.1382
pkustk07,16861,1217832,0.1933,0.5108,0.1195
pkustk08,22210,1624440,0.2516,0.5715,0.1577
pkustk09,33961,808800,0.1529,0.1463,0.0852
pkustk10,80677,2194830,0.3944,0.3279,0.2363
pkustk11,87805,2652858,0.4685,0.3921,0.2843
pkustk12,94654,3803485,0.6644,12.8028,0.3925
pkustk13,94894,3355860,0.5669,0.6734,0.3548
pkustk14,151927,7494215,1.1865,10000000,0.7246
pli,22696,686502,0.1111,0.126,0.0662
PR02R,161071,8185136,1.3537,10000000,0.758
Pres_Poisson,14823,365313,0.0711,0.073,0.0403
pwtk,217919,5926171,0.9088,10000000,0.5845
qa8fk,66128,863353,0.1726,0.1906,0.1132
qa8fm,66128,863353,0.1721,0.1903,0.113
raefsky3,21201,1488768,0.2369,0.12,0.1353
raefsky4,19780,674195,0.1171,0.106,0.0645
rajat15,37262,443573,0.1226,1.2377,0.0589
rajat22,39900,197264,0.0857,2.4979,0.0505
rajat26,51033,249302,0.1093,2.5047,0.0742
ramage02,16831,1441591,0.2208,0.2068,0.1367
Reuters911,13333,148038,0.0506,0.7013,0.0244
rgg_n_2_15_s0,32769,160240,0.0575,0.0799,0.0275
rgg_n_2_22_s0,4194305,30359198,9.1328,10000000,5.5556
ri2010,25182,62875,0.0357,0.0533,0.0209
rim,22561,1014951,0.1713,0.1339,0.0939
RM07R,381690,37464962,5.5072,10000000,3.6495
rma10,46836,2374001,0.3739,0.2713,0.2271
roadNet-CA,1971282,2766607,3.2143,2.2953,2.0791
roadNet-PA,1090921,1541898,1.7905,1.296,1.1511
roadNet-TX,1393384,1921660,2.2586,1.6294,1.4714
s3dkq4m2,90450,2455670,0.3748,0.2015,0.2449
s3dkt3m2,90450,1921955,0.3229,0.1779,0.2142
s4dkt3m2,90450,1921955,0.3227,0.1779,0.2146
Serena,1391350,32961525,5.5915,10000000,3.6534
shermanACb,18511,145149,0.0557,6.3103,0.0248
ship_001,34921,2339575,0.3629,0.291,0.219
ship_003,121729,4103881,0.6788,0.4606,0.4201
shipsec1,140875,3977139,0.6597,0.496,0.4201
shipsec5,179861,5146478,0.8422,10000000,0.5378
shipsec8,114920,3384159,0.5645,0.3931,0.3534
Si10H16,17078,446500,0.0808,0.1933,0.0485
Si34H36,97570,2626974,0.4412,0.7548,0.3021
Si41Ge41H72,185640,7598452,1.2046,10000000,0.7981
Si5H12,19897,379247,0.0698,0.1973,0.0449
Si87H76,240370,5451000,0.9211,10000000,0.6313
sinc15,11533,568526,0.0938,0.3774,0.0625
SiO,33402,675528,0.1244,0.3819,0.0756
SiO2,155332,5719417,0.9365,10000000,0.596
skirt,12599,104559,0.0305,0.0353,0.0171
smallworld,100001,499998,0.193,0.139,0.126
sme3Dc,42931,3148656,0.522,2.4401,0.3246
smt,25711,1889447,0.2912,0.2489,0.1746
soc-sign-Slashdot090221,82145,549202,0.1517,0.5397,0.0969
sparsine,50001,799494,0.1799,0.4432,0.1099
srb1,54925,1508538,0.2607,0.3879,0.1555
Stanford,281904,2312497,0.9031,118.4032,0.5164
std1_Jac2,21983,1248731,0.2034,1.2415,0.1303
std1_Jac3,21983,1455848,0.233,1.6279,0.1434
stokes128,49667,295938,0.0953,0.0889,0.0518
stokes64,12547,74242,0.0241,0.0281,0.0155
struct3,53571,613632,0.1432,0.1014,0.0785
t2dah,11446,93781,0.0257,0.0255,0.0157
t2dah_a,11446,93781,0.0256,0.026,0.0156
t2dah_e,11446,93781,0.0255,0.026,0.0157
t3dh,79172,2215638,0.3783,0.378,0.2396
t3dh_a,79172,2215638,0.3779,0.3772,0.2394
t3dh_e,79172,2215638,0.3771,0.3766,0.2401
t3dl,20361,265113,0.0525,0.0827,0.0363
t3dl_a,20361,265113,0.0521,0.0826,0.0363
tandem_vtx,18455,135902,0.04,0.0634,0.0246
ted_A,10606,424587,0.0786,0.0609,0.0442
ted_AB,10606,522387,0.0917,0.0969,0.054
ted_AB_unscaled,10606,522387,0.0915,0.0963,0.0541
ted_A_unscaled,10606,424587,0.0789,0.0608,0.0442
ted_B_unscaled,10606,77592,0.0275,0.0211,0.0219
thread,29737,2249892,0.3478,0.3673,0.2151
tmt_sym,726714,2903837,1.2298,0.8819,0.7887
torso1,116159,8516500,1.4496,10000000,0.8245
transient,178867,961790,0.4058,709.3914,0.2525
trdheim,22099,978711,0.158,0.0976,0.0856
Trefethen_20000,20001,287233,0.0548,0.116,0.0359
Trefethen_20000b,20000,287217,0.0548,0.1152,0.036
troll,213454,6099282,0.979,10000000,0.6157
TSOPF_FS_b162_c1,10799,305732,0.0615,0.0549,0.0326
TSOPF_FS_b162_c3,30799,904612,0.1504,0.1089,0.0812
TSOPF_FS_b162_c4,40799,1204322,0.1956,0.1434,0.1067
TSOPF_FS_b300,29215,2203949,0.3218,0.2413,0.1959
TSOPF_FS_b300_c1,29215,2203949,0.3202,0.2452,0.1956
TSOPF_FS_b300_c2,56815,4391071,0.6391,0.3846,0.3872
TSOPF_FS_b300_c3,84415,6578753,0.9657,10000000,0.5738
TSOPF_FS_b39_c19,76217,998359,0.2008,0.1347,0.1089
TSOPF_FS_b39_c30,120217,1575639,0.3281,0.2032,0.1871
TSOPF_FS_b39_c7,28217,368599,0.0759,0.056,0.0407
TSOPF_FS_b9_c6,14455,75801,0.0253,0.0219,0.0154
TSOPF_RS_b162_c3,15375,610299,0.1078,0.0826,0.0574
TSOPF_RS_b162_c4,20375,812749,0.1383,0.0983,0.0729
TSOPF_RS_b2052_c1,25627,6761100,0.9807,10000000,0.6066
TSOPF_RS_b2383,38121,16171169,2.3483,10000000,1.4399
TSOPF_RS_b2383_c1,38121,16171169,2.3511,10000000,1.4386
TSOPF_RS_b300_c1,14539,1474325,0.2203,0.1736,0.1411
TSOPF_RS_b300_c2,28339,2943887,0.4371,0.2917,0.2719
TSOPF_RS_b300_c3,42139,4413449,0.665,0.4286,0.4025
TSOPF_RS_b39_c19,38099,684206,0.1309,0.0977,0.0783
TSOPF_RS_b39_c30,60099,1079986,0.2147,0.149,0.1378
TSOPF_RS_b39_c7,14099,252446,0.0519,0.0403,0.0321
TSOPF_RS_b678_c1,18697,4396289,0.6295,1.1299,0.4357
TSOPF_RS_b678_c2,35697,8781949,1.2525,10000000,0.785
tsyl201,20686,1237821,0.1945,0.2732,0.114
tube1,21499,459277,0.0786,0.0554,0.0456
tube2,21499,459277,0.0824,0.062,0.0472
turon_m,189925,912345,0.3625,0.2763,0.2335
usroads,129165,165435,0.2014,0.1143,0.1307
usroads-48,126147,161950,0.1951,0.1129,0.1282
vanbody,47073,1191985,0.214,0.1597,0.1243
venturiLevel3,4026820,8054237,6.2529,10000000,4.2581
vibrobox,12329,177578,0.0441,0.1011,0.0244
viscorocks,37763,1162244,0.1923,0.1409,0.114
vsp_barth5_1Ksep_50in_5Kout,32213,101805,0.0434,0.0707,0.0236
vsp_bcsstk30_500sep_10in_1Kout,58349,2016578,0.3751,1.3046,0.2367
vsp_befref_fxm_2_4_air02,14110,98224,0.0285,0.0678,0.0204
vsp_bump2_e18_aa01_model1_crew1,56439,300801,0.0981,0.1221,0.047
vsp_c-30_data_data,11024,62184,0.0202,0.0209,0.0141
vsp_c-60_data_cti_cs4,85831,241080,0.1146,0.8083,0.0728
vsp_finan512_scagr7-2c_rlfddd,139753,552020,0.2406,0.1884,0.1407
vsp_mod2_pgp2_slptsk,101365,389368,0.164,0.3321,0.0895
vsp_model1_crew1_cr42_south31,45102,189976,0.0577,0.0858,0.0303
vsp_msc10848_300sep_100in_1Kout,21997,1221028,0.2083,1.1313,0.125
vsp_p0291_seymourl_iiasa,10499,53868,0.0247,0.2683,0.0184
vsp_sctap1-2b_and_seymourl,40175,140831,0.0566,0.5236,0.029
vsp_south31_slptsk,39669,189914,0.0613,0.1002,0.0289
vsp_vibrobox_scagr7-2c_rlfddd,77329,435586,0.1457,0.1356,0.0697
vt2010,32581,77799,0.0445,0.0604,0.0218
wathen100,30402,251001,0.0549,0.0595,0.0359
wathen120,36442,301101,0.0805,0.0683,0.041
web-Google,916429,5105039,2.0826,10000000,1.3986
web-NotreDame,325730,1497134,0.4257,2.8978,0.2841
wikipedia-20051105,1634990,19753078,5.8136,10000000,3.722
wikipedia-20060925,2983495,37269096,11.59,10000000,7.6285
wikipedia-20061104,3148441,39383235,12.3056,10000000,8.1152
wikipedia-20070206,3566908,45030389,14.1699,10000000,9.3977
wiki-Talk,2394386,5021410,1.5648,10000000,1.5049
windscreen,22693,752541,0.1242,0.101,0.0683
wing_nodal,10938,75488,0.0276,0.0603,0.0181
wy2010,86205,213793,0.1379,0.1501,0.0766
x104,108385,5138004,0.814,10000000,0.4847
Zd_Jac2,22836,1642833,0.2597,1.4108,0.1589
ogb,2449029,126167053,41.0613,10000000,32.3413
reddit,232965,114848857,19.3833,10000000,12.9454
GitHub,37700,615706,0.1608,6.0701,0.0781
artist,50515,1638396,0.3302,1.3443,0.1963
ell,203769,672479,0.3702,0.3805,0.2223
amazon,403394,9068096,1.978,10000000,1.3197
amazon0505,410236,4878874,1.3392,2.8201,0.912
dd,334925,1686092,0.6273,0.5178,0.3753
yelp,716847,13954819,3.9877,10000000,2.7327
comamazon,334863,1851744,0.8622,1.0666,0.5898
IGB_small,1000000,13068130,4.9566,10000000,3.9203
